t,count,max,mean,min,stddev,p50,p75,p95,p98,p99,p999,mean_rate,m1_rate,m5_rate,m15_rate,rate_unit,duration_unit
1439346547,1679,1.000000,0.047665,0.000000,0.213161,0.000000,0.000000,0.000000,1.000000,1.000000,1.000000,837.892952,0.000000,0.000000,0.000000,calls/second,milliseconds
1439346549,7899,1.000000,0.017510,0.000000,0.131225,0.000000,0.000000,0.000000,0.000000,1.000000,1.000000,1972.963355,0.000000,0.000000,0.000000,calls/second,milliseconds
